W#0000ff,W#0000ff,W#0000ff,W#0000ff,W#0000ff,W#0000ff,W#0000ff,W#0000ff,W#0000ff,W#0000ff,W#0000ff,W#0000ff,W#0000ff,W#0000ff,W#0000ff,W#0000ff,W#0000ff,W#0000ff,W#0000ff,W#0000ff,W#0000ff,W#0000ff,W#0000ff,W#0000ff,W#0000ff,W#0000ff,W#0000ff,W#0000ff,W#0000ff,W#0000ff,W#0000ff,W#0000ff,W#0000ff,W#0000ff,W#0000ff,W#0000ff,W#0000ff,W#0000ff,W#0000ff,W#0000ff,W#0000ff,W#0000ff,W#0000ff,W#0000ff,W#0000ff,W#0000ff,W#0000ff,W#0000ff,W#0000ff,W#0000ff,W#0000ff,W#0000ff,W#0000ff,W#0000ff,W#0000ff,W#0000ff,W#0000ff,W#0000ff,W#0000ff,W#0000ff,W#0000ff,W#0000ff,W#0000ff,W#0000ff,
W#0000ff,W#0000ff,W#0000ff,W#0000ff,W#0000ff,W#0000ff,W#0000ff,W#0000ff,W#0000ff,W#0000ff,W#0000ff,W#0000ff,W#0000ff,W#0000ff,W#0000ff,W#0000ff,W#0000ff,W#0000ff,W#0000ff,W#0000ff,W#0000ff,W#0000ff,W#0000ff,W#0000ff,W#0000ff,W#0000ff,W#0000ff,W#0000ff,W#0000ff,W#0000ff,W#0000ff,W#0000ff,W#0000ff,W#0000ff,W#0000ff,W#0000ff,W#0000ff,W#0000ff,W#0000ff,W#0000ff,W#0000ff,W#0000ff,W#0000ff,W#0000ff,W#0000ff,W#0000ff,W#0000ff,W#0000ff,W#0000ff,W#0000ff,W#0000ff,W#0000ff,W#0000ff,W#0000ff,W#0000ff,W#0000ff,W#0000ff,W#0000ff,W#0000ff,W#0000ff,W#0000ff,W#0000ff,W#0000ff,W#0000ff,
W#0000ff,W#0000ff,N#ffffff,N#ffffff,N#ffffff,N#ffffff,N#ffffff,N#ffffff,N#ffffff,N#ffffff,N#ffffff,N#ffffff,N#ffffff,N#ffffff,N#ffffff,N#ffffff,N#ffffff,N#ffffff,N#ffffff,N#ffffff,N#ffffff,N#ffffff,N#ffffff,N#ffffff,N#ffffff,N#ffffff,N#ffffff,N#ffffff,N#ffffff,N#ffffff,N#ffffff,N#ffffff,N#ffffff,N#ffffff,N#ffffff,N#ffffff,N#ffffff,N#ffffff,N#ffffff,N#ffffff,N#ffffff,N#ffffff,N#ffffff,N#ffffff,N#ffffff,N#ffffff,N#ffffff,N#ffffff,N#ffffff,N#ffffff,N#ffffff,N#ffffff,N#ffffff,N#ffffff,N#ffffff,N#ffffff,N#ffffff,N#ffffff,N#ffffff,N#ffffff,N#ffffff,N#ffffff,W#0000ff,W#0000ff,
W#0000ff,W#0000ff,N#ffffff,N#ffffff,N#ffffff,N#ffffff,N#ffffff,N#ffffff,N#ffffff,N#ffffff,N#ffffff,N#ffffff,N#ffffff,N#ffffff,N#ffffff,N#ffffff,N#ffffff,N#ffffff,N#ffffff,N#ffffff,N#ffffff,N#ffffff,N#ffffff,N#ffffff,N#ffffff,N#ffffff,N#ffffff,N#ffffff,N#ffffff,N#ffffff,N#ffffff,N#ffffff,N#ffffff,N#ffffff,N#ffffff,N#ffffff,N#ffffff,N#ffffff,N#ffffff,N#ffffff,N#ffffff,N#ffffff,N#ffffff,N#ffffff,N#ffffff,N#ffffff,N#ffffff,N#ffffff,N#ffffff,N#ffffff,N#ffffff,N#ffffff,N#ffffff,N#ffffff,N#ffffff,N#ffffff,N#ffffff,N#ffffff,N#ffffff,N#ffffff,N#ffffff,N#ffffff,W#0000ff,W#0000ff,
W#0000ff,W#0000ff,N#ffffff,N#ffffff,N#ffffff,N#ffffff,N#ffffff,N#ffffff,N#ffffff,N#ffffff,N#ffffff,N#ffffff,N#ffffff,N#ffffff,N#ffffff,N#ffffff,N#ffffff,N#ffffff,N#ffffff,N#ffffff,N#ffffff,N#ffffff,N#ffffff,N#ffffff,N#ffffff,N#ffffff,N#ffffff,N#ffffff,N#ffffff,N#ffffff,N#ffffff,N#ffffff,N#ffffff,N#ffffff,N#ffffff,N#ffffff,N#ffffff,N#ffffff,N#ffffff,N#ffffff,N#ffffff,N#ffffff,N#ffffff,N#ffffff,N#ffffff,N#ffffff,N#ffffff,N#ffffff,N#ffffff,N#ffffff,N#ffffff,N#ffffff,N#ffffff,N#ffffff,N#ffffff,N#ffffff,N#ffffff,N#ffffff,N#ffffff,N#ffffff,N#ffffff,N#ffffff,W#0000ff,W#0000ff,
W#0000ff,W#0000ff,N#ffffff,N#ffffff,N#ffffff,N#ffffff,N#ffffff,N#ffffff,N#ffffff,N#ffffff,N#ffffff,N#ffffff,N#ffffff,N#ffffff,N#ffffff,N#ffffff,N#ffffff,N#ffffff,N#ffffff,N#ffffff,N#ffffff,N#ffffff,N#ffffff,N#ffffff,N#ffffff,N#ffffff,N#ffffff,N#ffffff,N#ffffff,N#ffffff,N#ffffff,N#ffffff,N#ffffff,N#ffffff,N#ffffff,N#ffffff,N#ffffff,N#ffffff,N#ffffff,N#ffffff,N#ffffff,N#ffffff,N#ffffff,N#ffffff,N#ffffff,N#ffffff,N#ffffff,N#ffffff,N#ffffff,N#ffffff,N#ffffff,N#ffffff,N#ffffff,N#ffffff,N#ffffff,N#ffffff,N#ffffff,N#ffffff,N#ffffff,N#ffffff,N#ffffff,N#ffffff,W#0000ff,W#0000ff,
W#0000ff,W#0000ff,N#ffffff,N#ffffff,N#ffffff,N#ffffff,N#ffffff,N#ffffff,N#ffffff,N#ffffff,N#ffffff,N#ffffff,N#ffffff,N#ffffff,N#ffffff,N#ffffff,N#ffffff,N#ffffff,N#ffffff,N#ffffff,N#ffffff,N#ffffff,N#ffffff,N#ffffff,N#ffffff,N#ffffff,N#ffffff,N#ffffff,N#ffffff,N#ffffff,N#ffffff,N#ffffff,N#ffffff,N#ffffff,N#ffffff,N#ffffff,N#ffffff,N#ffffff,N#ffffff,N#ffffff,N#ffffff,N#ffffff,N#ffffff,N#ffffff,N#ffffff,N#ffffff,N#ffffff,N#ffffff,N#ffffff,N#ffffff,N#ffffff,N#ffffff,N#ffffff,N#ffffff,N#ffffff,N#ffffff,N#ffffff,N#ffffff,N#ffffff,N#ffffff,N#ffffff,N#ffffff,W#0000ff,W#0000ff,
W#0000ff,W#0000ff,N#ffffff,N#ffffff,N#ffffff,N#ffffff,N#ffffff,N#ffffff,N#ffffff,N#ffffff,N#ffffff,N#ffffff,N#ffffff,N#ffffff,N#ffffff,N#ffffff,N#ffffff,N#ffffff,N#ffffff,N#ffffff,N#ffffff,N#ffffff,N#ffffff,N#ffffff,N#ffffff,N#ffffff,N#ffffff,N#ffffff,N#ffffff,N#ffffff,N#ffffff,N#ffffff,N#ffffff,N#ffffff,N#ffffff,N#ffffff,N#ffffff,N#ffffff,N#ffffff,N#ffffff,N#ffffff,N#ffffff,N#ffffff,N#ffffff,N#ffffff,N#ffffff,N#ffffff,N#ffffff,N#ffffff,N#ffffff,N#ffffff,N#ffffff,N#ffffff,N#ffffff,N#ffffff,N#ffffff,N#ffffff,N#ffffff,N#ffffff,N#ffffff,N#ffffff,N#ffffff,W#0000ff,W#0000ff,
W#0000ff,W#0000ff,N#ffffff,N#ffffff,N#ffffff,N#ffffff,N#ffffff,N#ffffff,N#ffffff,N#ffffff,N#ffffff,N#ffffff,N#ffffff,N#ffffff,N#ffffff,N#ffffff,N#ffffff,N#ffffff,N#ffffff,N#ffffff,N#ffffff,N#ffffff,N#ffffff,N#ffffff,N#ffffff,N#ffffff,N#ffffff,N#ffffff,N#ffffff,N#ffffff,N#ffffff,N#ffffff,N#ffffff,N#ffffff,N#ffffff,N#ffffff,N#ffffff,N#ffffff,N#ffffff,N#ffffff,N#ffffff,N#ffffff,N#ffffff,N#ffffff,N#ffffff,N#ffffff,N#ffffff,N#ffffff,N#ffffff,N#ffffff,N#ffffff,N#ffffff,N#ffffff,N#ffffff,N#ffffff,N#ffffff,N#ffffff,N#ffffff,N#ffffff,N#ffffff,N#ffffff,N#ffffff,W#0000ff,W#0000ff,
W#0000ff,W#0000ff,N#ffffff,N#ffffff,N#ffffff,N#ffffff,N#ffffff,N#ffffff,N#ffffff,N#ffffff,N#ffffff,N#ffffff,N#ffffff,N#ffffff,N#ffffff,N#ffffff,N#ffffff,N#ffffff,N#ffffff,N#ffffff,N#ffffff,N#ffffff,N#ffffff,N#ffffff,N#ffffff,N#ffffff,N#ffffff,N#ffffff,N#ffffff,N#ffffff,N#ffffff,N#ffffff,N#ffffff,N#ffffff,N#ffffff,N#ffffff,N#ffffff,N#ffffff,N#ffffff,N#ffffff,N#ffffff,N#ffffff,N#ffffff,N#ffffff,N#ffffff,N#ffffff,N#ffffff,N#ffffff,N#ffffff,N#ffffff,N#ffffff,N#ffffff,N#ffffff,N#ffffff,N#ffffff,N#ffffff,N#ffffff,N#ffffff,N#ffffff,N#ffffff,N#ffffff,N#ffffff,W#0000ff,W#0000ff,
W#0000ff,W#0000ff,N#ffffff,N#ffffff,N#ffffff,N#ffffff,N#ffffff,N#ffffff,N#ffffff,N#ffffff,N#ffffff,N#ffffff,N#ffffff,N#ffffff,N#ffffff,N#ffffff,N#ffffff,N#ffffff,N#ffffff,N#ffffff,N#ffffff,N#ffffff,N#ffffff,N#ffffff,N#ffffff,N#ffffff,N#ffffff,N#ffffff,N#ffffff,N#ffffff,N#ffffff,N#ffffff,N#ffffff,N#ffffff,N#ffffff,N#ffffff,N#ffffff,N#ffffff,N#ffffff,N#ffffff,N#ffffff,N#ffffff,N#ffffff,N#ffffff,N#ffffff,N#ffffff,N#ffffff,N#ffffff,N#ffffff,N#ffffff,N#ffffff,N#ffffff,N#ffffff,N#ffffff,N#ffffff,N#ffffff,N#ffffff,N#ffffff,N#ffffff,N#ffffff,N#ffffff,N#ffffff,W#0000ff,W#0000ff,
W#0000ff,W#0000ff,N#ffffff,N#ffffff,N#ffffff,N#ffffff,N#ffffff,N#ffffff,N#ffffff,N#ffffff,N#ffffff,N#ffffff,N#ffffff,N#ffffff,N#ffffff,N#ffffff,N#ffffff,N#ffffff,N#ffffff,N#ffffff,N#ffffff,N#ffffff,N#ffffff,N#ffffff,N#ffffff,N#ffffff,N#ffffff,N#ffffff,N#ffffff,N#ffffff,N#ffffff,N#ffffff,N#ffffff,N#ffffff,N#ffffff,N#ffffff,N#ffffff,N#ffffff,N#ffffff,N#ffffff,N#ffffff,N#ffffff,N#ffffff,N#ffffff,N#ffffff,N#ffffff,N#ffffff,N#ffffff,N#ffffff,N#ffffff,N#ffffff,N#ffffff,N#ffffff,N#ffffff,N#ffffff,N#ffffff,N#ffffff,N#ffffff,N#ffffff,N#ffffff,N#ffffff,N#ffffff,W#0000ff,W#0000ff,
W#0000ff,W#0000ff,N#ffffff,N#ffffff,N#ffffff,N#ffffff,N#ffffff,N#ffffff,N#ffffff,N#ffffff,N#ffffff,N#ffffff,N#ffffff,N#ffffff,N#ffffff,N#ffffff,N#ffffff,N#ffffff,N#ffffff,N#ffffff,N#ffffff,N#ffffff,N#ffffff,N#ffffff,N#ffffff,N#ffffff,N#ffffff,N#ffffff,N#ffffff,N#ffffff,N#ffffff,N#ffffff,N#ffffff,N#ffffff,N#ffffff,N#ffffff,N#ffffff,N#ffffff,N#ffffff,N#ffffff,N#ffffff,N#ffffff,N#ffffff,N#ffffff,N#ffffff,N#ffffff,N#ffffff,N#ffffff,N#ffffff,N#ffffff,N#ffffff,N#ffffff,N#ffffff,N#ffffff,N#ffffff,N#ffffff,N#ffffff,N#ffffff,N#ffffff,N#ffffff,N#ffffff,N#ffffff,W#0000ff,W#0000ff,
W#0000ff,W#0000ff,N#ffffff,N#ffffff,N#ffffff,N#ffffff,N#ffffff,N#ffffff,N#ffffff,N#ffffff,N#ffffff,N#ffffff,N#ffffff,N#ffffff,N#ffffff,N#ffffff,N#ffffff,N#ffffff,N#ffffff,N#ffffff,N#ffffff,N#ffffff,N#ffffff,N#ffffff,N#ffffff,N#ffffff,N#ffffff,N#ffffff,N#ffffff,N#ffffff,N#ffffff,N#ffffff,N#ffffff,N#ffffff,N#ffffff,N#ffffff,N#ffffff,N#ffffff,N#ffffff,N#ffffff,N#ffffff,N#ffffff,N#ffffff,N#ffffff,N#ffffff,N#ffffff,N#ffffff,N#ffffff,N#ffffff,N#ffffff,N#ffffff,N#ffffff,N#ffffff,N#ffffff,N#ffffff,N#ffffff,N#ffffff,N#ffffff,N#ffffff,N#ffffff,N#ffffff,N#ffffff,W#0000ff,W#0000ff,
W#0000ff,W#0000ff,N#ffffff,N#ffffff,N#ffffff,N#ffffff,N#ffffff,N#ffffff,N#ffffff,N#ffffff,N#ffffff,N#ffffff,N#ffffff,N#ffffff,N#ffffff,N#ffffff,N#ffffff,N#ffffff,N#ffffff,N#ffffff,N#ffffff,N#ffffff,N#ffffff,N#ffffff,N#ffffff,N#ffffff,N#ffffff,N#ffffff,N#ffffff,N#ffffff,N#ffffff,N#ffffff,N#ffffff,N#ffffff,N#ffffff,N#ffffff,N#ffffff,N#ffffff,N#ffffff,N#ffffff,N#ffffff,N#ffffff,N#ffffff,N#ffffff,N#ffffff,N#ffffff,N#ffffff,N#ffffff,N#ffffff,N#ffffff,N#ffffff,N#ffffff,N#ffffff,N#ffffff,N#ffffff,N#ffffff,N#ffffff,N#ffffff,N#ffffff,N#ffffff,N#ffffff,N#ffffff,W#0000ff,W#0000ff,
W#0000ff,W#0000ff,N#ffffff,N#ffffff,N#ffffff,N#ffffff,N#ffffff,N#ffffff,N#ffffff,N#ffffff,N#ffffff,N#ffffff,S#84dd3c3,S#84dd3c3,S#84dd3c3,N#ffffff,N#ffffff,N#ffffff,N#ffffff,N#ffffff,N#ffffff,N#ffffff,N#ffffff,N#ffffff,N#ffffff,N#ffffff,N#ffffff,N#ffffff,N#ffffff,N#ffffff,N#ffffff,N#ffffff,N#ffffff,N#ffffff,N#ffffff,N#ffffff,N#ffffff,N#ffffff,N#ffffff,N#ffffff,N#ffffff,N#ffffff,N#ffffff,N#ffffff,N#ffffff,N#ffffff,N#ffffff,N#ffffff,N#ffffff,N#ffffff,N#ffffff,N#ffffff,N#ffffff,N#ffffff,N#ffffff,N#ffffff,N#ffffff,N#ffffff,N#ffffff,N#ffffff,N#ffffff,N#ffffff,W#0000ff,W#0000ff,
W#0000ff,W#0000ff,N#ffffff,N#ffffff,N#ffffff,N#ffffff,N#ffffff,N#ffffff,N#ffffff,N#ffffff,N#ffffff,N#ffffff,S#84dd3c3,S#84dd3c3,S#84dd3c3,N#ffffff,N#ffffff,N#ffffff,N#ffffff,N#ffffff,N#ffffff,N#ffffff,N#ffffff,N#ffffff,N#ffffff,N#ffffff,N#ffffff,N#ffffff,N#ffffff,N#ffffff,N#ffffff,N#ffffff,N#ffffff,N#ffffff,N#ffffff,N#ffffff,N#ffffff,N#ffffff,N#ffffff,N#ffffff,N#ffffff,N#ffffff,N#ffffff,N#ffffff,N#ffffff,N#ffffff,N#ffffff,N#ffffff,N#ffffff,N#ffffff,N#ffffff,N#ffffff,N#ffffff,N#ffffff,N#ffffff,N#ffffff,N#ffffff,N#ffffff,N#ffffff,N#ffffff,N#ffffff,N#ffffff,W#0000ff,W#0000ff,
W#0000ff,W#0000ff,N#ffffff,N#ffffff,N#ffffff,N#ffffff,N#ffffff,N#ffffff,N#ffffff,N#ffffff,N#ffffff,N#ffffff,S#84dd3c3,S#84dd3c3,S#84dd3c3,N#ffffff,N#ffffff,N#ffffff,N#ffffff,N#ffffff,N#ffffff,N#ffffff,N#ffffff,N#ffffff,N#ffffff,N#ffffff,N#ffffff,N#ffffff,N#ffffff,N#ffffff,N#ffffff,N#ffffff,N#ffffff,N#ffffff,N#ffffff,N#ffffff,N#ffffff,N#ffffff,N#ffffff,N#ffffff,N#ffffff,N#ffffff,N#ffffff,N#ffffff,N#ffffff,N#ffffff,N#ffffff,N#ffffff,N#ffffff,N#ffffff,N#ffffff,N#ffffff,N#ffffff,N#ffffff,N#ffffff,N#ffffff,N#ffffff,N#ffffff,N#ffffff,N#ffffff,N#ffffff,N#ffffff,W#0000ff,W#0000ff,
W#0000ff,W#0000ff,N#ffffff,N#ffffff,N#ffffff,N#ffffff,N#ffffff,N#ffffff,N#ffffff,N#ffffff,N#ffffff,N#ffffff,N#ffffff,N#ffffff,N#ffffff,N#ffffff,N#ffffff,N#ffffff,N#ffffff,N#ffffff,N#ffffff,N#ffffff,N#ffffff,N#ffffff,N#ffffff,N#ffffff,N#ffffff,N#ffffff,N#ffffff,N#ffffff,N#ffffff,N#ffffff,N#ffffff,N#ffffff,N#ffffff,N#ffffff,N#ffffff,N#ffffff,N#ffffff,N#ffffff,N#ffffff,N#ffffff,N#ffffff,N#ffffff,N#ffffff,N#ffffff,N#ffffff,N#ffffff,N#ffffff,N#ffffff,N#ffffff,N#ffffff,N#ffffff,N#ffffff,N#ffffff,N#ffffff,N#ffffff,N#ffffff,N#ffffff,N#ffffff,N#ffffff,N#ffffff,W#0000ff,W#0000ff,
W#0000ff,W#0000ff,N#ffffff,N#ffffff,N#ffffff,N#ffffff,N#ffffff,N#ffffff,N#ffffff,N#ffffff,N#ffffff,N#ffffff,N#ffffff,N#ffffff,N#ffffff,N#ffffff,N#ffffff,N#ffffff,N#ffffff,N#ffffff,N#ffffff,N#ffffff,N#ffffff,N#ffffff,N#ffffff,N#ffffff,N#ffffff,N#ffffff,N#ffffff,N#ffffff,N#ffffff,N#ffffff,N#ffffff,N#ffffff,N#ffffff,N#ffffff,N#ffffff,N#ffffff,N#ffffff,N#ffffff,N#ffffff,N#ffffff,N#ffffff,N#ffffff,N#ffffff,N#ffffff,N#ffffff,N#ffffff,N#ffffff,N#ffffff,N#ffffff,N#ffffff,N#ffffff,N#ffffff,N#ffffff,N#ffffff,N#ffffff,N#ffffff,N#ffffff,N#ffffff,N#ffffff,N#ffffff,W#0000ff,W#0000ff,
W#0000ff,W#0000ff,N#ffffff,N#ffffff,N#ffffff,N#ffffff,N#ffffff,N#ffffff,N#ffffff,N#ffffff,N#ffffff,N#ffffff,N#ffffff,N#ffffff,N#ffffff,N#ffffff,N#ffffff,N#ffffff,N#ffffff,N#ffffff,N#ffffff,N#ffffff,N#ffffff,N#ffffff,N#ffffff,N#ffffff,N#ffffff,N#ffffff,N#ffffff,N#ffffff,N#ffffff,N#ffffff,N#ffffff,N#ffffff,N#ffffff,N#ffffff,N#ffffff,N#ffffff,N#ffffff,N#ffffff,N#ffffff,N#ffffff,N#ffffff,N#ffffff,N#ffffff,N#ffffff,N#ffffff,N#ffffff,N#ffffff,N#ffffff,N#ffffff,N#ffffff,N#ffffff,N#ffffff,N#ffffff,N#ffffff,N#ffffff,N#ffffff,N#ffffff,N#ffffff,N#ffffff,N#ffffff,W#0000ff,W#0000ff,
W#0000ff,W#0000ff,N#ffffff,N#ffffff,N#ffffff,N#ffffff,N#ffffff,W#0000ff,W#0000ff,W#0000ff,W#0000ff,W#0000ff,W#0000ff,W#0000ff,W#0000ff,W#0000ff,W#0000ff,W#0000ff,W#0000ff,W#0000ff,W#0000ff,W#0000ff,W#0000ff,W#0000ff,N#ffffff,N#ffffff,N#ffffff,N#ffffff,N#ffffff,N#ffffff,N#ffffff,N#ffffff,N#ffffff,N#ffffff,N#ffffff,N#ffffff,N#ffffff,N#ffffff,N#ffffff,N#ffffff,N#ffffff,W#0000ff,W#0000ff,W#0000ff,N#ffffff,N#ffffff,N#ffffff,N#ffffff,N#ffffff,N#ffffff,N#ffffff,N#ffffff,N#ffffff,N#ffffff,N#ffffff,N#ffffff,N#ffffff,N#ffffff,N#ffffff,N#ffffff,N#ffffff,N#ffffff,W#0000ff,W#0000ff,
W#0000ff,W#0000ff,N#ffffff,N#ffffff,N#ffffff,N#ffffff,N#ffffff,W#0000ff,W#0000ff,W#0000ff,W#0000ff,W#0000ff,W#0000ff,W#0000ff,W#0000ff,W#0000ff,W#0000ff,W#0000ff,W#0000ff,W#0000ff,W#0000ff,W#0000ff,W#0000ff,W#0000ff,N#ffffff,N#ffffff,N#ffffff,N#ffffff,N#ffffff,N#ffffff,N#ffffff,N#ffffff,N#ffffff,N#ffffff,N#ffffff,N#ffffff,N#ffffff,N#ffffff,N#ffffff,N#ffffff,N#ffffff,W#0000ff,W#0000ff,W#0000ff,N#ffffff,N#ffffff,N#ffffff,N#ffffff,N#ffffff,N#ffffff,N#ffffff,N#ffffff,N#ffffff,N#ffffff,N#ffffff,N#ffffff,N#ffffff,N#ffffff,N#ffffff,N#ffffff,N#ffffff,N#ffffff,W#0000ff,W#0000ff,
W#0000ff,W#0000ff,N#ffffff,N#ffffff,N#ffffff,N#ffffff,N#ffffff,W#0000ff,W#0000ff,W#0000ff,W#0000ff,W#0000ff,W#0000ff,W#0000ff,W#0000ff,W#0000ff,W#0000ff,W#0000ff,W#0000ff,W#0000ff,W#0000ff,W#0000ff,W#0000ff,W#0000ff,N#ffffff,N#ffffff,N#ffffff,N#ffffff,N#ffffff,N#ffffff,N#ffffff,N#ffffff,N#ffffff,N#ffffff,N#ffffff,N#ffffff,N#ffffff,N#ffffff,N#ffffff,N#ffffff,N#ffffff,W#0000ff,W#0000ff,W#0000ff,N#ffffff,N#ffffff,N#ffffff,N#ffffff,N#ffffff,N#ffffff,N#ffffff,N#ffffff,N#ffffff,N#ffffff,N#ffffff,N#ffffff,N#ffffff,N#ffffff,N#ffffff,N#ffffff,N#ffffff,N#ffffff,W#0000ff,W#0000ff,
W#0000ff,W#0000ff,N#ffffff,N#ffffff,N#ffffff,N#ffffff,N#ffffff,N#ffffff,N#ffffff,N#ffffff,N#ffffff,N#ffffff,N#ffffff,N#ffffff,N#ffffff,N#ffffff,N#ffffff,N#ffffff,N#ffffff,N#ffffff,N#ffffff,N#ffffff,N#ffffff,N#ffffff,N#ffffff,N#ffffff,N#ffffff,N#ffffff,N#ffffff,N#ffffff,N#ffffff,N#ffffff,N#ffffff,N#ffffff,N#ffffff,N#ffffff,N#ffffff,N#ffffff,N#ffffff,N#ffffff,N#ffffff,W#0000ff,W#0000ff,W#0000ff,N#ffffff,N#ffffff,N#ffffff,N#ffffff,N#ffffff,N#ffffff,N#ffffff,N#ffffff,N#ffffff,N#ffffff,N#ffffff,N#ffffff,N#ffffff,N#ffffff,N#ffffff,N#ffffff,N#ffffff,N#ffffff,W#0000ff,W#0000ff,
W#0000ff,W#0000ff,N#ffffff,N#ffffff,N#ffffff,N#ffffff,N#ffffff,N#ffffff,N#ffffff,N#ffffff,N#ffffff,N#ffffff,N#ffffff,N#ffffff,N#ffffff,N#ffffff,N#ffffff,N#ffffff,N#ffffff,N#ffffff,N#ffffff,N#ffffff,N#ffffff,N#ffffff,N#ffffff,N#ffffff,N#ffffff,N#ffffff,N#ffffff,N#ffffff,N#ffffff,N#ffffff,N#ffffff,N#ffffff,N#ffffff,N#ffffff,N#ffffff,N#ffffff,N#ffffff,N#ffffff,N#ffffff,W#0000ff,W#0000ff,W#0000ff,N#ffffff,N#ffffff,N#ffffff,N#ffffff,N#ffffff,N#ffffff,N#ffffff,N#ffffff,N#ffffff,N#ffffff,N#ffffff,N#ffffff,N#ffffff,N#ffffff,N#ffffff,N#ffffff,N#ffffff,N#ffffff,W#0000ff,W#0000ff,
W#0000ff,W#0000ff,N#ffffff,N#ffffff,N#ffffff,N#ffffff,N#ffffff,N#ffffff,N#ffffff,N#ffffff,N#ffffff,N#ffffff,N#ffffff,N#ffffff,N#ffffff,N#ffffff,N#ffffff,N#ffffff,N#ffffff,N#ffffff,N#ffffff,N#ffffff,N#ffffff,N#ffffff,N#ffffff,N#ffffff,N#ffffff,N#ffffff,N#ffffff,N#ffffff,N#ffffff,N#ffffff,N#ffffff,N#ffffff,N#ffffff,N#ffffff,N#ffffff,N#ffffff,N#ffffff,N#ffffff,N#ffffff,W#0000ff,W#0000ff,W#0000ff,N#ffffff,N#ffffff,N#ffffff,N#ffffff,N#ffffff,N#ffffff,N#ffffff,N#ffffff,N#ffffff,N#ffffff,N#ffffff,N#ffffff,N#ffffff,N#ffffff,N#ffffff,N#ffffff,N#ffffff,N#ffffff,W#0000ff,W#0000ff,
W#0000ff,W#0000ff,N#ffffff,N#ffffff,N#ffffff,N#ffffff,N#ffffff,N#ffffff,N#ffffff,N#ffffff,N#ffffff,N#ffffff,N#ffffff,N#ffffff,N#ffffff,N#ffffff,N#ffffff,N#ffffff,N#ffffff,N#ffffff,N#ffffff,N#ffffff,N#ffffff,N#ffffff,N#ffffff,N#ffffff,N#ffffff,N#ffffff,N#ffffff,N#ffffff,N#ffffff,N#ffffff,N#ffffff,N#ffffff,N#ffffff,N#ffffff,N#ffffff,N#ffffff,N#ffffff,N#ffffff,N#ffffff,W#0000ff,W#0000ff,W#0000ff,N#ffffff,N#ffffff,N#ffffff,N#ffffff,N#ffffff,N#ffffff,N#ffffff,N#ffffff,N#ffffff,N#ffffff,N#ffffff,N#ffffff,N#ffffff,N#ffffff,N#ffffff,N#ffffff,N#ffffff,N#ffffff,W#0000ff,W#0000ff,
W#0000ff,W#0000ff,N#ffffff,N#ffffff,N#ffffff,N#ffffff,N#ffffff,N#ffffff,N#ffffff,N#ffffff,N#ffffff,N#ffffff,N#ffffff,N#ffffff,N#ffffff,N#ffffff,N#ffffff,N#ffffff,N#ffffff,N#ffffff,N#ffffff,N#ffffff,N#ffffff,N#ffffff,N#ffffff,N#ffffff,N#ffffff,N#ffffff,N#ffffff,N#ffffff,N#ffffff,N#ffffff,N#ffffff,N#ffffff,N#ffffff,N#ffffff,W#0000ff,W#0000ff,W#0000ff,W#0000ff,W#0000ff,W#0000ff,W#0000ff,W#0000ff,W#0000ff,W#0000ff,W#0000ff,W#0000ff,W#0000ff,W#0000ff,W#0000ff,W#0000ff,W#0000ff,W#0000ff,W#0000ff,W#0000ff,W#0000ff,W#0000ff,W#0000ff,W#0000ff,W#0000ff,W#0000ff,W#0000ff,W#0000ff,
W#0000ff,W#0000ff,N#ffffff,N#ffffff,N#ffffff,N#ffffff,N#ffffff,N#ffffff,N#ffffff,N#ffffff,N#ffffff,N#ffffff,N#ffffff,N#ffffff,N#ffffff,N#ffffff,N#ffffff,N#ffffff,N#ffffff,N#ffffff,N#ffffff,N#ffffff,N#ffffff,N#ffffff,N#ffffff,N#ffffff,N#ffffff,N#ffffff,N#ffffff,N#ffffff,N#ffffff,N#ffffff,N#ffffff,N#ffffff,N#ffffff,N#ffffff,W#0000ff,W#0000ff,W#0000ff,W#0000ff,W#0000ff,W#0000ff,W#0000ff,W#0000ff,W#0000ff,W#0000ff,W#0000ff,W#0000ff,W#0000ff,W#0000ff,W#0000ff,W#0000ff,W#0000ff,W#0000ff,W#0000ff,W#0000ff,W#0000ff,W#0000ff,W#0000ff,W#0000ff,W#0000ff,W#0000ff,W#0000ff,W#0000ff,
W#0000ff,W#0000ff,N#ffffff,N#ffffff,N#ffffff,N#ffffff,N#ffffff,N#ffffff,N#ffffff,N#ffffff,N#ffffff,N#ffffff,N#ffffff,N#ffffff,N#ffffff,N#ffffff,N#ffffff,N#ffffff,N#ffffff,N#ffffff,N#ffffff,N#ffffff,N#ffffff,N#ffffff,N#ffffff,N#ffffff,N#ffffff,N#ffffff,N#ffffff,N#ffffff,N#ffffff,N#ffffff,N#ffffff,N#ffffff,N#ffffff,N#ffffff,W#0000ff,W#0000ff,W#0000ff,W#0000ff,W#0000ff,W#0000ff,W#0000ff,W#0000ff,W#0000ff,W#0000ff,W#0000ff,W#0000ff,W#0000ff,W#0000ff,W#0000ff,W#0000ff,W#0000ff,W#0000ff,W#0000ff,W#0000ff,W#0000ff,W#0000ff,W#0000ff,W#0000ff,W#0000ff,W#0000ff,W#0000ff,W#0000ff,
W#0000ff,W#0000ff,N#ffffff,N#ffffff,N#ffffff,N#ffffff,N#ffffff,N#ffffff,N#ffffff,N#ffffff,N#ffffff,N#ffffff,W#0000ff,W#0000ff,W#0000ff,N#ffffff,N#ffffff,N#ffffff,N#ffffff,N#ffffff,N#ffffff,N#ffffff,N#ffffff,N#ffffff,N#ffffff,N#ffffff,N#ffffff,N#ffffff,N#ffffff,N#ffffff,N#ffffff,N#ffffff,N#ffffff,N#ffffff,N#ffffff,N#ffffff,N#ffffff,N#ffffff,N#ffffff,N#ffffff,N#ffffff,N#ffffff,N#ffffff,N#ffffff,N#ffffff,N#ffffff,N#ffffff,N#ffffff,N#ffffff,N#ffffff,N#ffffff,N#ffffff,N#ffffff,N#ffffff,N#ffffff,N#ffffff,N#ffffff,N#ffffff,N#ffffff,N#ffffff,N#ffffff,N#ffffff,W#0000ff,W#0000ff,
W#0000ff,W#0000ff,N#ffffff,N#ffffff,N#ffffff,N#ffffff,N#ffffff,N#ffffff,N#ffffff,N#ffffff,N#ffffff,N#ffffff,W#0000ff,W#0000ff,W#0000ff,N#ffffff,N#ffffff,N#ffffff,N#ffffff,N#ffffff,N#ffffff,N#ffffff,N#ffffff,N#ffffff,N#ffffff,N#ffffff,N#ffffff,N#ffffff,N#ffffff,N#ffffff,N#ffffff,N#ffffff,N#ffffff,N#ffffff,N#ffffff,N#ffffff,N#ffffff,N#ffffff,N#ffffff,N#ffffff,N#ffffff,N#ffffff,N#ffffff,N#ffffff,N#ffffff,N#ffffff,N#ffffff,N#ffffff,N#ffffff,N#ffffff,N#ffffff,N#ffffff,N#ffffff,N#ffffff,N#ffffff,N#ffffff,N#ffffff,N#ffffff,N#ffffff,N#ffffff,N#ffffff,N#ffffff,W#0000ff,W#0000ff,
W#0000ff,W#0000ff,N#ffffff,N#ffffff,N#ffffff,N#ffffff,N#ffffff,N#ffffff,N#ffffff,N#ffffff,N#ffffff,N#ffffff,W#0000ff,W#0000ff,W#0000ff,N#ffffff,N#ffffff,N#ffffff,N#ffffff,N#ffffff,N#ffffff,N#ffffff,N#ffffff,N#ffffff,N#ffffff,N#ffffff,N#ffffff,N#ffffff,N#ffffff,N#ffffff,N#ffffff,N#ffffff,N#ffffff,N#ffffff,N#ffffff,N#ffffff,N#ffffff,N#ffffff,N#ffffff,N#ffffff,N#ffffff,N#ffffff,N#ffffff,N#ffffff,N#ffffff,N#ffffff,N#ffffff,N#ffffff,N#ffffff,N#ffffff,N#ffffff,N#ffffff,N#ffffff,N#ffffff,N#ffffff,N#ffffff,N#ffffff,N#ffffff,N#ffffff,N#ffffff,N#ffffff,N#ffffff,W#0000ff,W#0000ff,
W#0000ff,W#0000ff,N#ffffff,N#ffffff,N#ffffff,N#ffffff,N#ffffff,N#ffffff,N#ffffff,N#ffffff,N#ffffff,N#ffffff,W#0000ff,W#0000ff,W#0000ff,N#ffffff,N#ffffff,N#ffffff,N#ffffff,N#ffffff,N#ffffff,N#ffffff,N#ffffff,N#ffffff,N#ffffff,N#ffffff,N#ffffff,N#ffffff,N#ffffff,N#ffffff,N#ffffff,N#ffffff,N#ffffff,N#ffffff,N#ffffff,N#ffffff,N#ffffff,N#ffffff,N#ffffff,N#ffffff,N#ffffff,N#ffffff,N#ffffff,N#ffffff,N#ffffff,N#ffffff,N#ffffff,N#ffffff,N#ffffff,N#ffffff,N#ffffff,N#ffffff,N#ffffff,N#ffffff,N#ffffff,N#ffffff,N#ffffff,N#ffffff,N#ffffff,N#ffffff,N#ffffff,N#ffffff,W#0000ff,W#0000ff,
W#0000ff,W#0000ff,N#ffffff,N#ffffff,N#ffffff,N#ffffff,N#ffffff,N#ffffff,N#ffffff,N#ffffff,N#ffffff,N#ffffff,W#0000ff,W#0000ff,W#0000ff,N#ffffff,N#ffffff,N#ffffff,N#ffffff,N#ffffff,N#ffffff,N#ffffff,N#ffffff,N#ffffff,N#ffffff,N#ffffff,N#ffffff,N#ffffff,N#ffffff,N#ffffff,N#ffffff,N#ffffff,N#ffffff,N#ffffff,N#ffffff,N#ffffff,N#ffffff,N#ffffff,N#ffffff,N#ffffff,N#ffffff,N#ffffff,N#ffffff,N#ffffff,N#ffffff,N#ffffff,N#ffffff,N#ffffff,N#ffffff,N#ffffff,N#ffffff,N#ffffff,N#ffffff,N#ffffff,N#ffffff,N#ffffff,N#ffffff,N#ffffff,N#ffffff,N#ffffff,N#ffffff,N#ffffff,W#0000ff,W#0000ff,
W#0000ff,W#0000ff,N#ffffff,N#ffffff,N#ffffff,N#ffffff,N#ffffff,N#ffffff,N#ffffff,N#ffffff,N#ffffff,N#ffffff,W#0000ff,W#0000ff,W#0000ff,N#ffffff,N#ffffff,N#ffffff,N#ffffff,N#ffffff,N#ffffff,N#ffffff,N#ffffff,N#ffffff,N#ffffff,N#ffffff,N#ffffff,N#ffffff,N#ffffff,N#ffffff,N#ffffff,N#ffffff,N#ffffff,N#ffffff,N#ffffff,N#ffffff,N#ffffff,N#ffffff,N#ffffff,N#ffffff,N#ffffff,N#ffffff,N#ffffff,N#ffffff,N#ffffff,N#ffffff,N#ffffff,N#ffffff,N#ffffff,N#ffffff,N#ffffff,N#ffffff,N#ffffff,N#ffffff,N#ffffff,N#ffffff,N#ffffff,N#ffffff,N#ffffff,N#ffffff,N#ffffff,N#ffffff,W#0000ff,W#0000ff,
W#0000ff,W#0000ff,N#ffffff,N#ffffff,N#ffffff,N#ffffff,N#ffffff,N#ffffff,N#ffffff,N#ffffff,N#ffffff,N#ffffff,W#0000ff,W#0000ff,W#0000ff,N#ffffff,N#ffffff,N#ffffff,N#ffffff,N#ffffff,N#ffffff,N#ffffff,N#ffffff,N#ffffff,N#ffffff,N#ffffff,N#ffffff,N#ffffff,N#ffffff,N#ffffff,N#ffffff,N#ffffff,N#ffffff,N#ffffff,N#ffffff,N#ffffff,N#ffffff,N#ffffff,N#ffffff,N#ffffff,N#ffffff,N#ffffff,N#ffffff,N#ffffff,N#ffffff,N#ffffff,N#ffffff,N#ffffff,N#ffffff,N#ffffff,N#ffffff,N#ffffff,N#ffffff,N#ffffff,N#ffffff,N#ffffff,N#ffffff,N#ffffff,N#ffffff,N#ffffff,N#ffffff,N#ffffff,W#0000ff,W#0000ff,
W#0000ff,W#0000ff,N#ffffff,N#ffffff,N#ffffff,N#ffffff,N#ffffff,N#ffffff,N#ffffff,N#ffffff,N#ffffff,N#ffffff,W#0000ff,W#0000ff,W#0000ff,N#ffffff,N#ffffff,N#ffffff,N#ffffff,N#ffffff,N#ffffff,N#ffffff,N#ffffff,N#ffffff,N#ffffff,N#ffffff,N#ffffff,N#ffffff,N#ffffff,N#ffffff,N#ffffff,N#ffffff,N#ffffff,N#ffffff,N#ffffff,N#ffffff,N#ffffff,N#ffffff,N#ffffff,N#ffffff,N#ffffff,N#ffffff,N#ffffff,N#ffffff,N#ffffff,N#ffffff,N#ffffff,N#ffffff,N#ffffff,N#ffffff,N#ffffff,N#ffffff,N#ffffff,N#ffffff,N#ffffff,N#ffffff,N#ffffff,N#ffffff,N#ffffff,N#ffffff,N#ffffff,N#ffffff,W#0000ff,W#0000ff,
W#0000ff,W#0000ff,N#ffffff,N#ffffff,N#ffffff,N#ffffff,N#ffffff,N#ffffff,N#ffffff,N#ffffff,N#ffffff,N#ffffff,W#0000ff,W#0000ff,W#0000ff,N#ffffff,N#ffffff,N#ffffff,N#ffffff,N#ffffff,N#ffffff,N#ffffff,N#ffffff,N#ffffff,N#ffffff,N#ffffff,N#ffffff,N#ffffff,N#ffffff,N#ffffff,N#ffffff,N#ffffff,N#ffffff,N#ffffff,N#ffffff,N#ffffff,N#ffffff,N#ffffff,N#ffffff,N#ffffff,N#ffffff,N#ffffff,N#ffffff,N#ffffff,N#ffffff,N#ffffff,N#ffffff,N#ffffff,N#ffffff,N#ffffff,N#ffffff,N#ffffff,N#ffffff,N#ffffff,N#ffffff,N#ffffff,N#ffffff,N#ffffff,N#ffffff,N#ffffff,N#ffffff,N#ffffff,W#0000ff,W#0000ff,
W#0000ff,W#0000ff,N#ffffff,N#ffffff,N#ffffff,N#ffffff,N#ffffff,N#ffffff,N#ffffff,N#ffffff,N#ffffff,N#ffffff,W#0000ff,W#0000ff,W#0000ff,N#ffffff,N#ffffff,N#ffffff,N#ffffff,N#ffffff,N#ffffff,N#ffffff,N#ffffff,N#ffffff,N#ffffff,N#ffffff,N#ffffff,N#ffffff,N#ffffff,N#ffffff,N#ffffff,N#ffffff,N#ffffff,N#ffffff,N#ffffff,N#ffffff,N#ffffff,N#ffffff,N#ffffff,N#ffffff,N#ffffff,N#ffffff,N#ffffff,N#ffffff,N#ffffff,N#ffffff,N#ffffff,N#ffffff,N#ffffff,N#ffffff,N#ffffff,N#ffffff,N#ffffff,N#ffffff,N#ffffff,N#ffffff,N#ffffff,N#ffffff,N#ffffff,N#ffffff,N#ffffff,N#ffffff,W#0000ff,W#0000ff,
W#0000ff,W#0000ff,N#ffffff,N#ffffff,N#ffffff,N#ffffff,N#ffffff,N#ffffff,N#ffffff,N#ffffff,N#ffffff,N#ffffff,W#0000ff,W#0000ff,W#0000ff,N#ffffff,N#ffffff,N#ffffff,N#ffffff,N#ffffff,N#ffffff,N#ffffff,N#ffffff,N#ffffff,N#ffffff,N#ffffff,N#ffffff,N#ffffff,N#ffffff,N#ffffff,N#ffffff,N#ffffff,N#ffffff,N#ffffff,N#ffffff,N#ffffff,N#ffffff,N#ffffff,N#ffffff,N#ffffff,N#ffffff,N#ffffff,N#ffffff,N#ffffff,N#ffffff,N#ffffff,N#ffffff,N#ffffff,N#ffffff,N#ffffff,N#ffffff,N#ffffff,N#ffffff,N#ffffff,N#ffffff,N#ffffff,N#ffffff,N#ffffff,N#ffffff,N#ffffff,N#ffffff,N#ffffff,W#0000ff,W#0000ff,
W#0000ff,W#0000ff,N#ffffff,N#ffffff,N#ffffff,N#ffffff,N#ffffff,N#ffffff,N#ffffff,N#ffffff,N#ffffff,N#ffffff,W#0000ff,W#0000ff,W#0000ff,N#ffffff,N#ffffff,N#ffffff,N#ffffff,N#ffffff,N#ffffff,N#ffffff,N#ffffff,N#ffffff,N#ffffff,N#ffffff,N#ffffff,N#ffffff,N#ffffff,N#ffffff,N#ffffff,N#ffffff,N#ffffff,N#ffffff,N#ffffff,N#ffffff,N#ffffff,N#ffffff,N#ffffff,N#ffffff,N#ffffff,N#ffffff,N#ffffff,N#ffffff,N#ffffff,N#ffffff,N#ffffff,N#ffffff,N#ffffff,N#ffffff,N#ffffff,N#ffffff,N#ffffff,N#ffffff,N#ffffff,N#ffffff,N#ffffff,N#ffffff,N#ffffff,N#ffffff,N#ffffff,N#ffffff,W#0000ff,W#0000ff,
W#0000ff,W#0000ff,N#ffffff,N#ffffff,N#ffffff,N#ffffff,N#ffffff,N#ffffff,N#ffffff,N#ffffff,N#ffffff,N#ffffff,W#0000ff,W#0000ff,W#0000ff,N#ffffff,N#ffffff,N#ffffff,N#ffffff,N#ffffff,N#ffffff,N#ffffff,N#ffffff,N#ffffff,N#ffffff,N#ffffff,N#ffffff,N#ffffff,N#ffffff,N#ffffff,N#ffffff,N#ffffff,N#ffffff,N#ffffff,N#ffffff,N#ffffff,N#ffffff,N#ffffff,N#ffffff,N#ffffff,N#ffffff,N#ffffff,N#ffffff,N#ffffff,N#ffffff,N#ffffff,N#ffffff,N#ffffff,N#ffffff,N#ffffff,N#ffffff,N#ffffff,N#ffffff,N#ffffff,N#ffffff,N#ffffff,N#ffffff,N#ffffff,N#ffffff,N#ffffff,N#ffffff,N#ffffff,W#0000ff,W#0000ff,
W#0000ff,W#0000ff,N#ffffff,N#ffffff,N#ffffff,N#ffffff,N#ffffff,N#ffffff,N#ffffff,N#ffffff,N#ffffff,N#ffffff,N#ffffff,N#ffffff,N#ffffff,N#ffffff,N#ffffff,N#ffffff,N#ffffff,N#ffffff,N#ffffff,N#ffffff,N#ffffff,N#ffffff,N#ffffff,N#ffffff,N#ffffff,N#ffffff,N#ffffff,N#ffffff,N#ffffff,N#ffffff,N#ffffff,N#ffffff,N#ffffff,N#ffffff,N#ffffff,N#ffffff,N#ffffff,N#ffffff,N#ffffff,W#0000ff,W#0000ff,W#0000ff,N#ffffff,N#ffffff,N#ffffff,N#ffffff,N#ffffff,N#ffffff,N#ffffff,W#0000ff,W#0000ff,W#0000ff,W#0000ff,W#0000ff,W#0000ff,W#0000ff,W#0000ff,W#0000ff,W#0000ff,W#0000ff,W#0000ff,W#0000ff,
W#0000ff,W#0000ff,N#ffffff,N#ffffff,N#ffffff,N#ffffff,N#ffffff,N#ffffff,N#ffffff,N#ffffff,N#ffffff,N#ffffff,N#ffffff,N#ffffff,N#ffffff,N#ffffff,N#ffffff,N#ffffff,N#ffffff,N#ffffff,N#ffffff,N#ffffff,N#ffffff,N#ffffff,N#ffffff,N#ffffff,N#ffffff,N#ffffff,N#ffffff,N#ffffff,N#ffffff,N#ffffff,N#ffffff,N#ffffff,N#ffffff,N#ffffff,N#ffffff,N#ffffff,N#ffffff,N#ffffff,N#ffffff,W#0000ff,W#0000ff,W#0000ff,N#ffffff,N#ffffff,N#ffffff,N#ffffff,N#ffffff,N#ffffff,N#ffffff,W#0000ff,W#0000ff,W#0000ff,W#0000ff,W#0000ff,W#0000ff,W#0000ff,W#0000ff,W#0000ff,W#0000ff,W#0000ff,W#0000ff,W#0000ff,
W#0000ff,W#0000ff,N#ffffff,N#ffffff,N#ffffff,N#ffffff,N#ffffff,N#ffffff,N#ffffff,N#ffffff,N#ffffff,N#ffffff,N#ffffff,N#ffffff,N#ffffff,N#ffffff,N#ffffff,N#ffffff,N#ffffff,N#ffffff,N#ffffff,N#ffffff,N#ffffff,N#ffffff,N#ffffff,N#ffffff,N#ffffff,N#ffffff,N#ffffff,N#ffffff,N#ffffff,N#ffffff,N#ffffff,N#ffffff,N#ffffff,N#ffffff,N#ffffff,N#ffffff,N#ffffff,N#ffffff,N#ffffff,W#0000ff,W#0000ff,W#0000ff,N#ffffff,N#ffffff,N#ffffff,N#ffffff,N#ffffff,N#ffffff,N#ffffff,W#0000ff,W#0000ff,W#0000ff,W#0000ff,W#0000ff,W#0000ff,W#0000ff,W#0000ff,W#0000ff,W#0000ff,W#0000ff,W#0000ff,W#0000ff,
W#0000ff,W#0000ff,N#ffffff,N#ffffff,N#ffffff,N#ffffff,N#ffffff,N#ffffff,N#ffffff,N#ffffff,N#ffffff,N#ffffff,N#ffffff,N#ffffff,N#ffffff,N#ffffff,N#ffffff,N#ffffff,N#ffffff,N#ffffff,N#ffffff,N#ffffff,N#ffffff,N#ffffff,N#ffffff,N#ffffff,N#ffffff,N#ffffff,N#ffffff,N#ffffff,N#ffffff,N#ffffff,N#ffffff,N#ffffff,N#ffffff,N#ffffff,N#ffffff,N#ffffff,N#ffffff,N#ffffff,N#ffffff,W#0000ff,W#0000ff,W#0000ff,N#ffffff,N#ffffff,N#ffffff,N#ffffff,N#ffffff,N#ffffff,N#ffffff,N#ffffff,N#ffffff,N#ffffff,N#ffffff,N#ffffff,N#ffffff,N#ffffff,N#ffffff,N#ffffff,N#ffffff,N#ffffff,W#0000ff,W#0000ff,
W#0000ff,W#0000ff,N#ffffff,N#ffffff,N#ffffff,N#ffffff,N#ffffff,N#ffffff,N#ffffff,N#ffffff,N#ffffff,N#ffffff,N#ffffff,N#ffffff,N#ffffff,N#ffffff,N#ffffff,N#ffffff,N#ffffff,N#ffffff,N#ffffff,N#ffffff,N#ffffff,N#ffffff,N#ffffff,N#ffffff,N#ffffff,N#ffffff,N#ffffff,N#ffffff,N#ffffff,N#ffffff,N#ffffff,N#ffffff,N#ffffff,N#ffffff,N#ffffff,N#ffffff,N#ffffff,N#ffffff,N#ffffff,W#0000ff,W#0000ff,W#0000ff,N#ffffff,N#ffffff,N#ffffff,N#ffffff,N#ffffff,N#ffffff,N#ffffff,N#ffffff,N#ffffff,N#ffffff,N#ffffff,N#ffffff,N#ffffff,N#ffffff,N#ffffff,N#ffffff,N#ffffff,N#ffffff,W#0000ff,W#0000ff,
W#0000ff,W#0000ff,N#ffffff,N#ffffff,N#ffffff,N#ffffff,N#ffffff,N#ffffff,N#ffffff,N#ffffff,N#ffffff,N#ffffff,N#ffffff,N#ffffff,N#ffffff,N#ffffff,N#ffffff,N#ffffff,N#ffffff,N#ffffff,N#ffffff,N#ffffff,N#ffffff,N#ffffff,N#ffffff,N#ffffff,N#ffffff,N#ffffff,N#ffffff,N#ffffff,N#ffffff,N#ffffff,N#ffffff,N#ffffff,N#ffffff,N#ffffff,N#ffffff,N#ffffff,N#ffffff,N#ffffff,N#ffffff,W#0000ff,W#0000ff,W#0000ff,N#ffffff,N#ffffff,N#ffffff,N#ffffff,N#ffffff,N#ffffff,N#ffffff,N#ffffff,N#ffffff,N#ffffff,N#ffffff,N#ffffff,N#ffffff,N#ffffff,N#ffffff,N#ffffff,N#ffffff,N#ffffff,W#0000ff,W#0000ff,
W#0000ff,W#0000ff,N#ffffff,N#ffffff,N#ffffff,N#ffffff,N#ffffff,N#ffffff,N#ffffff,N#ffffff,N#ffffff,N#ffffff,N#ffffff,N#ffffff,N#ffffff,N#ffffff,N#ffffff,N#ffffff,N#ffffff,W#0000ff,W#0000ff,W#0000ff,W#0000ff,W#0000ff,W#0000ff,W#0000ff,W#0000ff,W#0000ff,W#0000ff,W#0000ff,W#0000ff,W#0000ff,W#0000ff,W#0000ff,W#0000ff,N#ffffff,N#ffffff,N#ffffff,N#ffffff,N#ffffff,N#ffffff,W#0000ff,W#0000ff,W#0000ff,N#ffffff,N#ffffff,N#ffffff,N#ffffff,N#ffffff,N#ffffff,N#ffffff,N#ffffff,N#ffffff,N#ffffff,N#ffffff,N#ffffff,N#ffffff,N#ffffff,N#ffffff,N#ffffff,N#ffffff,N#ffffff,W#0000ff,W#0000ff,
W#0000ff,W#0000ff,N#ffffff,N#ffffff,N#ffffff,N#ffffff,N#ffffff,N#ffffff,N#ffffff,N#ffffff,N#ffffff,N#ffffff,N#ffffff,N#ffffff,N#ffffff,N#ffffff,N#ffffff,N#ffffff,N#ffffff,W#0000ff,W#0000ff,W#0000ff,W#0000ff,W#0000ff,W#0000ff,W#0000ff,W#0000ff,W#0000ff,W#0000ff,W#0000ff,W#0000ff,W#0000ff,W#0000ff,W#0000ff,W#0000ff,N#ffffff,N#ffffff,N#ffffff,N#ffffff,N#ffffff,N#ffffff,W#0000ff,W#0000ff,W#0000ff,N#ffffff,N#ffffff,N#ffffff,N#ffffff,N#ffffff,N#ffffff,N#ffffff,N#ffffff,N#ffffff,N#ffffff,N#ffffff,N#ffffff,N#ffffff,N#ffffff,N#ffffff,N#ffffff,N#ffffff,N#ffffff,W#0000ff,W#0000ff,
W#0000ff,W#0000ff,N#ffffff,N#ffffff,N#ffffff,N#ffffff,N#ffffff,N#ffffff,N#ffffff,N#ffffff,N#ffffff,N#ffffff,N#ffffff,N#ffffff,N#ffffff,N#ffffff,N#ffffff,N#ffffff,N#ffffff,W#0000ff,W#0000ff,W#0000ff,W#0000ff,W#0000ff,W#0000ff,W#0000ff,W#0000ff,W#0000ff,W#0000ff,W#0000ff,W#0000ff,W#0000ff,W#0000ff,W#0000ff,W#0000ff,N#ffffff,N#ffffff,N#ffffff,N#ffffff,N#ffffff,N#ffffff,W#0000ff,W#0000ff,W#0000ff,N#ffffff,N#ffffff,N#ffffff,N#ffffff,N#ffffff,N#ffffff,N#ffffff,N#ffffff,N#ffffff,N#ffffff,N#ffffff,N#ffffff,N#ffffff,N#ffffff,N#ffffff,N#ffffff,N#ffffff,N#ffffff,W#0000ff,W#0000ff,
W#0000ff,W#0000ff,N#ffffff,N#ffffff,N#ffffff,N#ffffff,N#ffffff,N#ffffff,N#ffffff,N#ffffff,N#ffffff,N#ffffff,N#ffffff,N#ffffff,N#ffffff,N#ffffff,N#ffffff,N#ffffff,N#ffffff,N#ffffff,N#ffffff,N#ffffff,N#ffffff,N#ffffff,N#ffffff,N#ffffff,N#ffffff,N#ffffff,N#ffffff,N#ffffff,N#ffffff,N#ffffff,N#ffffff,N#ffffff,N#ffffff,N#ffffff,N#ffffff,N#ffffff,N#ffffff,N#ffffff,N#ffffff,W#0000ff,W#0000ff,W#0000ff,N#ffffff,N#ffffff,N#ffffff,N#ffffff,N#ffffff,N#ffffff,N#ffffff,N#ffffff,N#ffffff,N#ffffff,N#ffffff,N#ffffff,N#ffffff,N#ffffff,N#ffffff,N#ffffff,N#ffffff,N#ffffff,W#0000ff,W#0000ff,
W#0000ff,W#0000ff,N#ffffff,N#ffffff,N#ffffff,N#ffffff,N#ffffff,N#ffffff,N#ffffff,N#ffffff,N#ffffff,N#ffffff,N#ffffff,N#ffffff,N#ffffff,N#ffffff,N#ffffff,N#ffffff,N#ffffff,N#ffffff,N#ffffff,N#ffffff,N#ffffff,N#ffffff,N#ffffff,N#ffffff,N#ffffff,N#ffffff,N#ffffff,N#ffffff,N#ffffff,N#ffffff,N#ffffff,N#ffffff,N#ffffff,N#ffffff,N#ffffff,N#ffffff,N#ffffff,N#ffffff,N#ffffff,W#0000ff,W#0000ff,W#0000ff,N#ffffff,N#ffffff,N#ffffff,N#ffffff,N#ffffff,N#ffffff,N#ffffff,N#ffffff,N#ffffff,N#ffffff,N#ffffff,N#ffffff,N#ffffff,N#ffffff,N#ffffff,N#ffffff,N#ffffff,N#ffffff,W#0000ff,W#0000ff,
W#0000ff,W#0000ff,N#ffffff,N#ffffff,N#ffffff,N#ffffff,N#ffffff,N#ffffff,N#ffffff,N#ffffff,N#ffffff,N#ffffff,N#ffffff,N#ffffff,N#ffffff,N#ffffff,N#ffffff,N#ffffff,N#ffffff,N#ffffff,N#ffffff,N#ffffff,N#ffffff,N#ffffff,N#ffffff,N#ffffff,N#ffffff,N#ffffff,N#ffffff,N#ffffff,N#ffffff,N#ffffff,N#ffffff,N#ffffff,N#ffffff,N#ffffff,N#ffffff,N#ffffff,N#ffffff,N#ffffff,N#ffffff,W#0000ff,W#0000ff,W#0000ff,N#ffffff,N#ffffff,N#ffffff,N#ffffff,N#ffffff,N#ffffff,N#ffffff,N#ffffff,N#ffffff,N#ffffff,N#ffffff,N#ffffff,E#c15e603,E#c15e603,E#c15e603,N#ffffff,N#ffffff,N#ffffff,W#0000ff,W#0000ff,
W#0000ff,W#0000ff,N#ffffff,N#ffffff,N#ffffff,N#ffffff,N#ffffff,N#ffffff,N#ffffff,N#ffffff,N#ffffff,N#ffffff,N#ffffff,N#ffffff,N#ffffff,N#ffffff,N#ffffff,N#ffffff,N#ffffff,N#ffffff,N#ffffff,N#ffffff,N#ffffff,N#ffffff,N#ffffff,N#ffffff,N#ffffff,N#ffffff,N#ffffff,N#ffffff,N#ffffff,N#ffffff,N#ffffff,N#ffffff,N#ffffff,N#ffffff,N#ffffff,N#ffffff,N#ffffff,N#ffffff,N#ffffff,W#0000ff,W#0000ff,W#0000ff,N#ffffff,N#ffffff,N#ffffff,N#ffffff,N#ffffff,N#ffffff,N#ffffff,N#ffffff,N#ffffff,N#ffffff,N#ffffff,N#ffffff,E#c15e603,E#c15e603,E#c15e603,N#ffffff,N#ffffff,N#ffffff,W#0000ff,W#0000ff,
W#0000ff,W#0000ff,N#ffffff,N#ffffff,N#ffffff,N#ffffff,N#ffffff,N#ffffff,N#ffffff,N#ffffff,N#ffffff,N#ffffff,N#ffffff,N#ffffff,N#ffffff,N#ffffff,N#ffffff,N#ffffff,N#ffffff,N#ffffff,N#ffffff,N#ffffff,N#ffffff,N#ffffff,N#ffffff,N#ffffff,N#ffffff,N#ffffff,N#ffffff,N#ffffff,N#ffffff,N#ffffff,N#ffffff,N#ffffff,N#ffffff,N#ffffff,N#ffffff,N#ffffff,N#ffffff,N#ffffff,N#ffffff,W#0000ff,W#0000ff,W#0000ff,N#ffffff,N#ffffff,N#ffffff,N#ffffff,N#ffffff,N#ffffff,N#ffffff,N#ffffff,N#ffffff,N#ffffff,N#ffffff,N#ffffff,E#c15e603,E#c15e603,E#c15e603,N#ffffff,N#ffffff,N#ffffff,W#0000ff,W#0000ff,
W#0000ff,W#0000ff,N#ffffff,N#ffffff,N#ffffff,N#ffffff,N#ffffff,N#ffffff,N#ffffff,N#ffffff,N#ffffff,N#ffffff,N#ffffff,N#ffffff,N#ffffff,N#ffffff,N#ffffff,N#ffffff,N#ffffff,N#ffffff,N#ffffff,N#ffffff,N#ffffff,N#ffffff,N#ffffff,N#ffffff,N#ffffff,N#ffffff,N#ffffff,N#ffffff,N#ffffff,N#ffffff,N#ffffff,N#ffffff,N#ffffff,N#ffffff,N#ffffff,N#ffffff,N#ffffff,N#ffffff,N#ffffff,W#0000ff,W#0000ff,W#0000ff,N#ffffff,N#ffffff,N#ffffff,N#ffffff,N#ffffff,N#ffffff,N#ffffff,N#ffffff,N#ffffff,N#ffffff,N#ffffff,N#ffffff,N#ffffff,N#ffffff,N#ffffff,N#ffffff,N#ffffff,N#ffffff,W#0000ff,W#0000ff,
W#0000ff,W#0000ff,N#ffffff,N#ffffff,N#ffffff,N#ffffff,N#ffffff,N#ffffff,N#ffffff,N#ffffff,N#ffffff,N#ffffff,N#ffffff,N#ffffff,N#ffffff,N#ffffff,N#ffffff,N#ffffff,N#ffffff,N#ffffff,N#ffffff,N#ffffff,N#ffffff,N#ffffff,N#ffffff,N#ffffff,N#ffffff,N#ffffff,N#ffffff,N#ffffff,N#ffffff,N#ffffff,N#ffffff,N#ffffff,N#ffffff,N#ffffff,N#ffffff,N#ffffff,N#ffffff,N#ffffff,N#ffffff,W#0000ff,W#0000ff,W#0000ff,N#ffffff,N#ffffff,N#ffffff,N#ffffff,N#ffffff,N#ffffff,N#ffffff,N#ffffff,N#ffffff,N#ffffff,N#ffffff,N#ffffff,N#ffffff,N#ffffff,N#ffffff,N#ffffff,N#ffffff,N#ffffff,W#0000ff,W#0000ff,
W#0000ff,W#0000ff,N#ffffff,N#ffffff,N#ffffff,N#ffffff,N#ffffff,N#ffffff,N#ffffff,N#ffffff,N#ffffff,N#ffffff,N#ffffff,N#ffffff,N#ffffff,N#ffffff,N#ffffff,N#ffffff,N#ffffff,N#ffffff,N#ffffff,N#ffffff,N#ffffff,N#ffffff,N#ffffff,N#ffffff,N#ffffff,N#ffffff,N#ffffff,N#ffffff,N#ffffff,N#ffffff,N#ffffff,N#ffffff,N#ffffff,N#ffffff,N#ffffff,N#ffffff,N#ffffff,N#ffffff,N#ffffff,W#0000ff,W#0000ff,W#0000ff,N#ffffff,N#ffffff,N#ffffff,N#ffffff,N#ffffff,N#ffffff,N#ffffff,N#ffffff,N#ffffff,N#ffffff,N#ffffff,N#ffffff,N#ffffff,N#ffffff,N#ffffff,N#ffffff,N#ffffff,N#ffffff,W#0000ff,W#0000ff,
W#0000ff,W#0000ff,N#ffffff,N#ffffff,N#ffffff,N#ffffff,N#ffffff,N#ffffff,N#ffffff,N#ffffff,N#ffffff,N#ffffff,N#ffffff,N#ffffff,N#ffffff,N#ffffff,N#ffffff,N#ffffff,N#ffffff,N#ffffff,N#ffffff,N#ffffff,N#ffffff,N#ffffff,N#ffffff,N#ffffff,N#ffffff,N#ffffff,N#ffffff,N#ffffff,N#ffffff,N#ffffff,N#ffffff,N#ffffff,N#ffffff,N#ffffff,N#ffffff,N#ffffff,N#ffffff,N#ffffff,N#ffffff,W#0000ff,W#0000ff,W#0000ff,N#ffffff,N#ffffff,N#ffffff,N#ffffff,N#ffffff,N#ffffff,N#ffffff,N#ffffff,N#ffffff,N#ffffff,N#ffffff,N#ffffff,N#ffffff,N#ffffff,N#ffffff,N#ffffff,N#ffffff,N#ffffff,W#0000ff,W#0000ff,
W#0000ff,W#0000ff,W#0000ff,W#0000ff,W#0000ff,W#0000ff,W#0000ff,W#0000ff,W#0000ff,W#0000ff,W#0000ff,W#0000ff,W#0000ff,W#0000ff,W#0000ff,W#0000ff,W#0000ff,W#0000ff,W#0000ff,W#0000ff,W#0000ff,W#0000ff,W#0000ff,W#0000ff,W#0000ff,W#0000ff,W#0000ff,W#0000ff,W#0000ff,W#0000ff,W#0000ff,W#0000ff,W#0000ff,W#0000ff,W#0000ff,W#0000ff,W#0000ff,W#0000ff,W#0000ff,W#0000ff,W#0000ff,W#0000ff,W#0000ff,W#0000ff,W#0000ff,W#0000ff,W#0000ff,W#0000ff,W#0000ff,W#0000ff,W#0000ff,W#0000ff,W#0000ff,W#0000ff,W#0000ff,W#0000ff,W#0000ff,W#0000ff,W#0000ff,W#0000ff,W#0000ff,W#0000ff,W#0000ff,W#0000ff,
W#0000ff,W#0000ff,W#0000ff,W#0000ff,W#0000ff,W#0000ff,W#0000ff,W#0000ff,W#0000ff,W#0000ff,W#0000ff,W#0000ff,W#0000ff,W#0000ff,W#0000ff,W#0000ff,W#0000ff,W#0000ff,W#0000ff,W#0000ff,W#0000ff,W#0000ff,W#0000ff,W#0000ff,W#0000ff,W#0000ff,W#0000ff,W#0000ff,W#0000ff,W#0000ff,W#0000ff,W#0000ff,W#0000ff,W#0000ff,W#0000ff,W#0000ff,W#0000ff,W#0000ff,W#0000ff,W#0000ff,W#0000ff,W#0000ff,W#0000ff,W#0000ff,W#0000ff,W#0000ff,W#0000ff,W#0000ff,W#0000ff,W#0000ff,W#0000ff,W#0000ff,W#0000ff,W#0000ff,W#0000ff,W#0000ff,W#0000ff,W#0000ff,W#0000ff,W#0000ff,W#0000ff,W#0000ff,W#0000ff,W#0000ff,
